-- MariaDB dump 10.17  Distrib 10.4.15-MariaDB, for Linux (x86_64)
--
-- Host: mysql.hostinger.ro    Database: u574849695_25
-- ------------------------------------------------------
-- Server version	10.4.15-MariaDB-cll-lve

/*!40101 SET @OLD_CHARACTER_SET_CLIENT=@@CHARACTER_SET_CLIENT */;
/*!40101 SET @OLD_CHARACTER_SET_RESULTS=@@CHARACTER_SET_RESULTS */;
/*!40101 SET @OLD_COLLATION_CONNECTION=@@COLLATION_CONNECTION */;
/*!40101 SET NAMES utf8mb4 */;
/*!40103 SET @OLD_TIME_ZONE=@@TIME_ZONE */;
/*!40103 SET TIME_ZONE='+00:00' */;
/*!40014 SET @OLD_UNIQUE_CHECKS=@@UNIQUE_CHECKS, UNIQUE_CHECKS=0 */;
/*!40014 SET @OLD_FOREIGN_KEY_CHECKS=@@FOREIGN_KEY_CHECKS, FOREIGN_KEY_CHECKS=0 */;
/*!40101 SET @OLD_SQL_MODE=@@SQL_MODE, SQL_MODE='NO_AUTO_VALUE_ON_ZERO' */;
/*!40111 SET @OLD_SQL_NOTES=@@SQL_NOTES, SQL_NOTES=0 */;

--
-- Table structure for table `community`
--

DROP TABLE IF EXISTS `community`;
/*!40101 SET @saved_cs_client     = @@character_set_client */;
/*!40101 SET character_set_client = utf8 */;
CREATE TABLE `community` (
  `id` int(10) unsigned NOT NULL AUTO_INCREMENT,
  `name` varchar(45) COLLATE utf8mb4_unicode_ci NOT NULL,
  `text` varchar(245) COLLATE utf8mb4_unicode_ci DEFAULT NULL,
  `admin_id` int(10) unsigned NOT NULL,
  PRIMARY KEY (`id`),
  KEY `fk_community_user1_idx` (`admin_id`),
  CONSTRAINT `fk_community_user1` FOREIGN KEY (`admin_id`) REFERENCES `user` (`id`)
) ENGINE=InnoDB AUTO_INCREMENT=27 DEFAULT CHARSET=utf8mb4 COLLATE=utf8mb4_unicode_ci;
/*!40101 SET character_set_client = @saved_cs_client */;

--
-- Dumping data for table `community`
--

LOCK TABLES `community` WRITE;
/*!40000 ALTER TABLE `community` DISABLE KEYS */;
INSERT INTO `community` VALUES (11,'doloribus','Sapiente sed dolorem ut nulla. Esse aspernatur fugiat voluptatibus ad quia facilis est. Et et et sit neque et officiis et.',189),(12,'reiciendis','Inventore optio sed harum facilis voluptate. Nulla et rem molestias sequi et tempore recusandae. Rerum optio consequatur velit totam possimus nobis.',188),(13,'nam','Ducimus velit aperiam laudantium sint unde sit et. Necessitatibus non recusandae saepe voluptatem odit voluptatem eligendi.',164),(14,'est','Non facilis ipsum accusantium porro sit porro et. Porro ipsa doloribus vel eum unde.',177),(15,'et','Est animi aperiam molestiae blanditiis eos. Et sunt enim sit ducimus optio saepe blanditiis. Quae rerum ea sed et.',136),(16,'iure','Illum non nihil dolor autem. Eveniet labore quidem porro. Qui eum sapiente placeat aut impedit nulla odit dolor. Quia laborum omnis repellat sint.',196),(17,'quaerat','Perferendis facilis suscipit deleniti sed ex qui corrupti corrupti. Maxime sed reiciendis fugit deserunt. Aut eos eos expedita voluptatem voluptatibus quia.',165),(18,'corporis','Odio ut eveniet ut ipsa repellendus. Ut ut occaecati suscipit maxime omnis deserunt unde. Sint aliquam natus ab sit facilis commodi provident.',147),(19,'nostrum','Consequatur dolores sapiente est a eos a consectetur. Labore dolor aspernatur cupiditate quibusdam dolor quisquam. Corrupti molestiae accusantium cupiditate doloribus natus corrupti dolorem.',200),(20,'libero','Dolor fuga quisquam dolor qui. Fugiat consequatur nisi rem. Ad dolorem illum tempora commodi non ex dolor molestias. Molestiae rem totam molestiae consequuntur.',169),(21,'placeat','Sint quasi saepe laudantium illo rerum qui. Vel blanditiis aliquid qui corporis voluptatem modi. Consequatur eligendi maxime nostrum consequuntur.',123),(22,'in','Aperiam minus non exercitationem sunt ipsum beatae. Iure possimus harum aspernatur odio. Soluta dolores non adipisci delectus facere. Non ratione tenetur ut nisi cumque.',103),(23,'magnam','Dolores hic quo alias illo quae dicta. Qui et est pariatur quas molestias in illum. Aliquid impedit esse numquam blanditiis in quia. Laborum reiciendis non beatae vitae et ea consequuntur.',192),(24,'sed','Placeat illo blanditiis occaecati. Optio eligendi sunt facere itaque. Reprehenderit quod aliquid iste et. Dolor laboriosam autem asperiores excepturi nostrum cupiditate.',200),(25,'qui','Qui perferendis aut aliquid quasi accusantium. Odit perspiciatis itaque unde.',172),(26,'veritatis','Eveniet dolorem vel alias voluptas dignissimos. Veniam quia accusamus omnis asperiores aspernatur consequuntur explicabo. Perspiciatis maiores minima nam.',101);
/*!40000 ALTER TABLE `community` ENABLE KEYS */;
UNLOCK TABLES;

--
-- Table structure for table `friend_request`
--

DROP TABLE IF EXISTS `friend_request`;
/*!40101 SET @saved_cs_client     = @@character_set_client */;
/*!40101 SET character_set_client = utf8 */;
CREATE TABLE `friend_request` (
  `from_user_id` int(10) unsigned NOT NULL,
  `to_user_id` int(10) unsigned NOT NULL,
  `status` tinyint(1) NOT NULL DEFAULT 0 COMMENT '-1 - отказ; 0 - запрос; 1 - дружба',
  `created_at` datetime NOT NULL DEFAULT current_timestamp(),
  `updated_at` datetime DEFAULT NULL ON UPDATE current_timestamp(),
  PRIMARY KEY (`from_user_id`,`to_user_id`),
  KEY `fk_friend_request_user1_idx` (`from_user_id`),
  KEY `fk_friend_request_user2_idx` (`to_user_id`),
  CONSTRAINT `fk_friend_request_user1` FOREIGN KEY (`from_user_id`) REFERENCES `user` (`id`),
  CONSTRAINT `fk_friend_request_user2` FOREIGN KEY (`to_user_id`) REFERENCES `user` (`id`)
) ENGINE=InnoDB DEFAULT CHARSET=utf8mb4 COLLATE=utf8mb4_unicode_ci;
/*!40101 SET character_set_client = @saved_cs_client */;

--
-- Dumping data for table `friend_request`
--

LOCK TABLES `friend_request` WRITE;
/*!40000 ALTER TABLE `friend_request` DISABLE KEYS */;
INSERT INTO `friend_request` VALUES (101,189,0,'1978-09-29 20:42:29','0000-00-00 00:00:00'),(102,111,0,'1984-12-21 01:45:23','1987-02-06 22:25:52'),(103,194,1,'1977-04-29 14:53:41','0000-00-00 00:00:00'),(104,110,0,'2000-09-18 10:12:50','1973-01-28 19:04:41'),(104,136,0,'1996-07-23 13:00:30','0000-00-00 00:00:00'),(106,101,1,'2000-07-17 13:35:41','2009-09-12 12:04:14'),(106,132,0,'1995-11-06 11:22:55','2007-11-10 11:47:03'),(106,177,1,'2004-06-03 17:51:31','0000-00-00 00:00:00'),(110,103,-1,'2009-07-12 15:26:32','0000-00-00 00:00:00'),(110,106,0,'1995-08-24 01:16:43','0000-00-00 00:00:00'),(110,172,0,'1996-11-19 12:19:00','0000-00-00 00:00:00'),(111,103,0,'2012-06-23 02:03:12','0000-00-00 00:00:00'),(111,106,-1,'1981-11-19 14:56:26','0000-00-00 00:00:00'),(111,172,1,'1992-09-16 00:03:44','0000-00-00 00:00:00'),(112,102,1,'2002-01-14 02:23:39','0000-00-00 00:00:00'),(116,116,-1,'2012-01-29 01:33:31','0000-00-00 00:00:00'),(116,132,1,'2005-11-04 20:01:39','0000-00-00 00:00:00'),(116,161,1,'2003-05-20 01:41:01','0000-00-00 00:00:00'),(116,176,0,'2012-12-25 21:45:25','0000-00-00 00:00:00'),(116,188,1,'1995-06-27 23:18:28','2004-12-06 13:26:58'),(119,189,-1,'2011-06-09 21:44:41','1978-07-26 11:33:11'),(122,157,1,'2010-10-04 17:19:12','0000-00-00 00:00:00'),(122,164,-1,'2011-06-12 21:54:50','2005-07-10 19:46:42'),(122,169,1,'1975-10-20 20:39:30','0000-00-00 00:00:00'),(125,166,0,'2000-02-10 23:11:08','1970-04-14 02:13:00'),(125,190,1,'1984-10-22 08:29:56','1991-06-09 06:28:19'),(127,110,-1,'1988-10-08 16:14:24','0000-00-00 00:00:00'),(127,111,-1,'1998-09-04 10:23:19','0000-00-00 00:00:00'),(128,111,0,'1993-06-09 14:10:01','0000-00-00 00:00:00'),(128,112,1,'1992-04-13 19:29:47','2015-03-13 09:48:46'),(128,125,0,'1989-04-27 12:21:40','0000-00-00 00:00:00'),(128,137,-1,'1979-01-15 13:12:16','2018-01-20 20:27:34'),(128,179,-1,'1974-06-11 15:31:04','0000-00-00 00:00:00'),(128,195,0,'2016-04-30 14:36:45','1988-11-06 20:29:43'),(132,147,0,'1971-04-14 23:36:57','0000-00-00 00:00:00'),(132,167,1,'1995-03-24 03:05:33','1985-01-03 03:19:45'),(132,188,1,'2006-11-17 10:21:26','2004-12-12 03:54:36'),(133,116,1,'2016-12-25 18:19:29','1983-04-03 10:19:41'),(137,190,0,'1978-11-08 17:13:36','2020-03-12 19:49:32'),(138,103,-1,'2007-11-16 14:44:59','1974-12-05 09:54:33'),(138,192,0,'1994-10-01 23:46:21','1997-05-17 08:21:18'),(138,196,-1,'1974-09-09 15:50:01','0000-00-00 00:00:00'),(139,177,0,'2000-06-07 12:07:09','0000-00-00 00:00:00'),(147,104,0,'1970-01-25 20:03:29','1996-04-12 01:48:39'),(147,106,-1,'1978-02-27 09:52:59','1984-04-01 08:13:59'),(147,170,0,'1995-10-31 16:31:19','1984-12-15 12:49:59'),(147,191,-1,'1992-10-25 08:58:50','1979-06-13 10:18:59'),(155,195,1,'1979-03-26 13:16:13','2020-02-14 04:52:34'),(157,172,-1,'1995-11-25 07:36:02','0000-00-00 00:00:00'),(161,104,0,'1985-04-23 12:45:19','0000-00-00 00:00:00'),(161,190,0,'1996-01-05 03:41:15','0000-00-00 00:00:00'),(163,138,1,'1995-05-08 23:23:02','2009-07-02 05:42:33'),(163,161,-1,'1994-01-11 05:14:52','0000-00-00 00:00:00'),(164,112,0,'1993-02-03 13:57:06','0000-00-00 00:00:00'),(164,179,1,'1978-09-23 07:55:26','0000-00-00 00:00:00'),(165,172,1,'1996-05-22 06:43:19','0000-00-00 00:00:00'),(165,192,-1,'1994-06-03 03:54:01','2013-04-02 06:37:58'),(166,103,-1,'2007-08-02 00:28:19','0000-00-00 00:00:00'),(166,194,0,'1986-03-25 18:26:24','0000-00-00 00:00:00'),(169,188,0,'1981-11-16 10:01:26','0000-00-00 00:00:00'),(169,194,-1,'1976-09-01 04:42:06','2008-06-17 21:01:58'),(170,189,1,'1979-01-12 20:23:52','0000-00-00 00:00:00'),(172,127,-1,'2016-03-13 22:00:46','2002-06-21 08:39:05'),(172,138,1,'1982-03-20 16:04:59','1990-04-18 02:00:09'),(172,157,1,'1999-04-23 13:40:19','1978-11-08 00:56:43'),(172,188,0,'1970-10-10 16:16:33','0000-00-00 00:00:00'),(175,104,1,'2004-04-27 09:04:42','1981-05-15 22:07:55'),(175,123,1,'2006-08-06 14:43:00','0000-00-00 00:00:00'),(175,166,1,'1995-01-06 00:09:13','1976-10-18 23:33:54'),(175,172,-1,'2000-02-17 09:44:09','1979-01-25 00:20:19'),(176,133,0,'1971-06-17 16:30:54','0000-00-00 00:00:00'),(177,122,1,'2007-11-01 10:26:20','2008-12-21 03:26:47'),(177,126,-1,'2015-10-13 00:19:15','0000-00-00 00:00:00'),(179,155,0,'2019-03-14 08:15:25','0000-00-00 00:00:00'),(181,126,0,'2011-12-03 15:24:55','0000-00-00 00:00:00'),(181,161,1,'1987-11-11 04:33:41','2005-05-30 10:15:57'),(183,119,0,'1975-10-09 19:29:58','1996-06-05 12:35:04'),(188,102,-1,'2008-01-31 01:47:14','2002-07-09 17:46:07'),(188,104,0,'1978-12-26 02:53:09','0000-00-00 00:00:00'),(188,167,-1,'1998-12-20 21:42:15','2007-11-21 21:08:22'),(188,196,-1,'1979-11-13 21:27:34','0000-00-00 00:00:00'),(189,119,0,'1991-02-05 23:51:03','1985-11-05 21:54:09'),(190,137,-1,'1990-02-15 23:03:05','0000-00-00 00:00:00'),(190,189,1,'1985-05-02 17:24:59','0000-00-00 00:00:00'),(191,103,0,'2015-05-13 13:56:35','0000-00-00 00:00:00'),(191,119,-1,'2010-09-13 05:26:49','0000-00-00 00:00:00'),(191,137,-1,'1980-06-06 02:13:07','0000-00-00 00:00:00'),(191,152,-1,'1972-07-16 17:27:56','0000-00-00 00:00:00'),(191,169,0,'1984-01-06 18:50:03','0000-00-00 00:00:00'),(191,191,0,'2007-09-06 16:27:34','0000-00-00 00:00:00'),(192,170,0,'2021-02-25 22:34:06','2017-12-31 15:58:30'),(192,200,1,'2019-09-12 11:39:36','0000-00-00 00:00:00'),(194,137,1,'1982-04-07 03:03:28','1980-01-12 02:03:20'),(194,166,0,'1971-05-03 16:30:30','1977-08-23 10:36:13'),(194,194,0,'1982-02-11 05:52:52','1983-09-30 07:24:53'),(195,161,-1,'1983-12-20 03:58:45','0000-00-00 00:00:00'),(195,179,0,'1974-09-14 22:36:39','1975-02-06 11:20:30'),(200,137,-1,'2017-12-01 13:07:48','1982-12-15 02:21:12'),(200,169,-1,'2003-10-20 17:23:04','2001-08-03 02:27:40'),(200,181,-1,'1972-03-18 22:52:15','0000-00-00 00:00:00');
/*!40000 ALTER TABLE `friend_request` ENABLE KEYS */;
UNLOCK TABLES;

--
-- Table structure for table `likes`
--

DROP TABLE IF EXISTS `likes`;
/*!40101 SET @saved_cs_client     = @@character_set_client */;
/*!40101 SET character_set_client = utf8 */;
CREATE TABLE `likes` (
  `id` int(10) unsigned NOT NULL AUTO_INCREMENT,
  `user_id` int(10) unsigned NOT NULL,
  `media_id` int(10) unsigned DEFAULT NULL,
  `post_id` int(10) unsigned DEFAULT NULL,
  `created_at` datetime NOT NULL DEFAULT current_timestamp(),
  PRIMARY KEY (`id`),
  UNIQUE KEY `media_UNIQUE` (`user_id`,`media_id`),
  UNIQUE KEY `post_UNIQUE` (`user_id`,`post_id`),
  KEY `fk_likes_user1_idx` (`user_id`),
  KEY `fk_likes_media1_idx` (`media_id`),
  KEY `fk_likes_post1_idx` (`post_id`),
  CONSTRAINT `fk_likes_media1` FOREIGN KEY (`media_id`) REFERENCES `media` (`id`),
  CONSTRAINT `fk_likes_post1` FOREIGN KEY (`post_id`) REFERENCES `post` (`id`),
  CONSTRAINT `fk_likes_user1` FOREIGN KEY (`user_id`) REFERENCES `user` (`id`)
) ENGINE=InnoDB AUTO_INCREMENT=401 DEFAULT CHARSET=utf8mb4 COLLATE=utf8mb4_unicode_ci;
/*!40101 SET character_set_client = @saved_cs_client */;

--
-- Dumping data for table `likes`
--

LOCK TABLES `likes` WRITE;
/*!40000 ALTER TABLE `likes` DISABLE KEYS */;
INSERT INTO `likes` VALUES (301,103,108,177,'1977-10-29 23:33:42'),(302,122,170,197,'1970-03-19 00:28:59'),(303,179,142,189,'2012-10-08 09:28:32'),(304,157,183,132,'2021-02-20 16:43:49'),(305,169,198,180,'1982-03-20 11:41:43'),(306,136,186,176,'1995-06-24 17:06:27'),(307,126,185,170,'1979-09-05 09:49:29'),(308,177,169,171,'1981-09-25 22:00:16'),(309,110,175,188,'2017-09-15 04:09:25'),(310,127,122,147,'1970-12-07 13:58:37'),(311,175,126,155,'1989-08-16 03:59:00'),(312,152,147,124,'1977-04-23 13:22:34'),(313,139,122,165,'1983-07-02 06:11:21'),(314,132,171,148,'1997-08-05 04:12:58'),(315,169,135,145,'1996-05-30 08:05:00'),(316,139,171,130,'1971-02-11 01:42:21'),(317,119,197,115,'1995-03-17 16:12:49'),(318,190,170,183,'1974-05-04 01:19:03'),(319,165,181,158,'1972-10-28 00:04:26'),(320,152,109,179,'2011-04-07 03:51:22'),(321,194,179,105,'1997-04-20 19:08:19'),(322,152,125,152,'1986-08-04 05:28:20'),(323,175,168,173,'1999-07-19 07:15:03'),(324,133,200,143,'1971-02-26 05:15:44'),(325,184,163,177,'2004-08-23 11:00:50'),(326,126,106,148,'1990-02-25 06:20:25'),(327,164,125,144,'1978-04-07 14:39:12'),(328,176,113,114,'2016-02-28 00:40:16'),(329,163,171,194,'2019-10-08 07:25:44'),(330,110,117,103,'1975-01-01 23:36:10'),(331,191,110,182,'1981-10-19 12:18:00'),(332,195,157,107,'1989-04-16 18:31:11'),(333,152,127,174,'1982-09-20 03:54:14'),(334,119,162,174,'1988-01-05 01:36:50'),(335,166,145,136,'1994-04-13 08:40:14'),(336,136,171,142,'1984-07-01 09:14:09'),(337,188,128,166,'1980-01-05 12:30:09'),(338,127,199,179,'1994-05-01 14:03:05'),(339,139,153,150,'1989-12-05 19:56:21'),(340,136,165,167,'1987-06-03 02:19:53'),(341,137,155,176,'1978-02-14 06:32:20'),(342,122,149,133,'2018-03-23 02:47:00'),(343,126,195,160,'1984-12-26 14:54:08'),(344,101,113,122,'2010-02-24 22:37:06'),(345,177,173,166,'1970-06-11 11:00:24'),(346,106,109,136,'2018-11-30 01:25:50'),(347,157,194,164,'2012-07-18 00:52:49'),(348,116,122,163,'2002-01-06 16:55:57'),(349,195,163,115,'1998-12-06 17:17:18'),(350,147,199,180,'1993-11-01 05:19:06'),(351,110,138,134,'1989-03-11 06:40:00'),(353,119,184,177,'2013-04-08 14:38:56'),(354,183,184,189,'1973-01-21 09:06:06'),(355,200,157,162,'2010-07-24 05:03:16'),(356,170,166,171,'1991-01-08 14:43:53'),(357,101,117,164,'2008-04-17 22:01:07'),(358,169,134,185,'2016-06-11 01:37:06'),(359,126,129,147,'1995-09-23 18:08:39'),(360,138,174,146,'2004-12-04 03:55:21'),(361,122,185,183,'2009-10-04 00:26:14'),(362,163,172,140,'1996-03-24 14:59:57'),(363,136,191,124,'1981-03-04 21:29:58'),(364,111,170,108,'1980-07-19 08:10:59'),(366,167,135,130,'1992-10-10 13:21:19'),(367,132,135,147,'2013-12-01 08:39:47'),(368,195,200,180,'1990-05-22 02:38:24'),(369,183,126,109,'2008-09-21 15:39:20'),(370,126,167,182,'1974-05-13 11:10:37'),(371,176,187,167,'1985-08-23 16:49:15'),(372,163,140,138,'1990-01-13 18:03:17'),(373,195,176,129,'2016-06-15 03:35:27'),(374,119,188,199,'2017-08-16 00:34:05'),(375,125,189,168,'1994-08-05 13:14:08'),(376,191,152,102,'2004-03-02 09:54:50'),(378,170,179,136,'1998-07-07 06:39:23'),(379,147,159,162,'1994-02-09 18:11:49'),(380,163,185,128,'1981-10-07 00:42:14'),(381,133,157,115,'2009-07-10 09:47:28'),(382,101,112,155,'2003-08-24 10:05:35'),(383,138,107,130,'2017-12-04 17:19:33'),(384,172,125,118,'1975-03-12 02:51:22'),(385,172,150,107,'2007-03-08 21:44:56'),(386,133,139,158,'2011-12-24 10:09:55'),(387,136,158,141,'1982-01-03 07:38:27'),(388,177,123,120,'1988-03-20 16:14:27'),(389,106,167,178,'2013-03-16 20:07:32'),(390,175,121,163,'2018-08-04 11:57:00'),(391,196,156,119,'1998-09-18 14:22:35'),(392,111,157,130,'2019-02-06 08:19:11'),(393,170,197,137,'2006-02-05 23:46:06'),(394,195,165,161,'1990-06-07 01:15:25'),(395,111,132,110,'2006-11-03 03:27:34'),(396,119,166,149,'1985-10-13 11:08:12'),(397,179,103,106,'2014-06-07 17:54:47'),(398,116,176,128,'2018-09-02 06:42:23'),(399,136,184,195,'1982-07-26 07:28:29'),(400,112,155,115,'1987-06-23 14:57:51');
/*!40000 ALTER TABLE `likes` ENABLE KEYS */;
UNLOCK TABLES;

--
-- Table structure for table `media`
--

DROP TABLE IF EXISTS `media`;
/*!40101 SET @saved_cs_client     = @@character_set_client */;
/*!40101 SET character_set_client = utf8 */;
CREATE TABLE `media` (
  `id` int(10) unsigned NOT NULL AUTO_INCREMENT,
  `media_type_id` int(10) unsigned NOT NULL,
  `user_id` int(10) unsigned NOT NULL,
  `url` varchar(245) COLLATE utf8mb4_unicode_ci DEFAULT NULL,
  `file` blob DEFAULT NULL,
  `metadata` longtext CHARACTER SET utf8mb4 COLLATE utf8mb4_bin DEFAULT NULL,
  `created_at` datetime NOT NULL DEFAULT current_timestamp(),
  PRIMARY KEY (`id`),
  KEY `fk_media_media_type1_idx` (`media_type_id`),
  KEY `fk_media_user1_idx` (`user_id`),
  CONSTRAINT `fk_media_media_type1` FOREIGN KEY (`media_type_id`) REFERENCES `media_type` (`id`),
  CONSTRAINT `fk_media_user1` FOREIGN KEY (`user_id`) REFERENCES `user` (`id`),
  CONSTRAINT `media_chk_1` CHECK (json_valid(`metadata`))
) ENGINE=InnoDB AUTO_INCREMENT=201 DEFAULT CHARSET=utf8mb4 COLLATE=utf8mb4_unicode_ci;
/*!40101 SET character_set_client = @saved_cs_client */;

--
-- Dumping data for table `media`
--

LOCK TABLES `media` WRITE;
/*!40000 ALTER TABLE `media` DISABLE KEYS */;
INSERT INTO `media` VALUES (101,1,101,'http://lorempixel.com/640/480/',NULL,NULL,'2018-07-18 18:47:31'),(102,2,102,'http://lorempixel.com/640/480/',NULL,NULL,'1989-12-23 03:40:30'),(103,3,103,'http://lorempixel.com/640/480/',NULL,NULL,'1992-12-30 23:32:38'),(104,1,104,'http://lorempixel.com/640/480/',NULL,NULL,'1979-11-10 03:31:13'),(105,2,106,'http://lorempixel.com/640/480/',NULL,NULL,'1991-08-25 08:00:47'),(106,3,110,'http://lorempixel.com/640/480/',NULL,NULL,'1997-12-02 17:36:04'),(107,1,111,'http://lorempixel.com/640/480/',NULL,NULL,'1984-02-23 13:36:57'),(108,2,112,'http://lorempixel.com/640/480/',NULL,NULL,'2012-05-29 21:58:07'),(109,3,116,'http://lorempixel.com/640/480/',NULL,NULL,'1992-06-29 04:41:40'),(110,1,119,'http://lorempixel.com/640/480/',NULL,NULL,'2001-01-18 15:46:01'),(111,2,122,'http://lorempixel.com/640/480/',NULL,NULL,'2018-12-03 11:42:41'),(112,3,123,'http://lorempixel.com/640/480/',NULL,NULL,'1998-10-07 14:09:28'),(113,1,125,'http://lorempixel.com/640/480/',NULL,NULL,'2013-11-09 17:22:01'),(114,2,126,'http://lorempixel.com/640/480/',NULL,NULL,'2002-06-27 20:17:30'),(115,3,127,'http://lorempixel.com/640/480/',NULL,NULL,'1980-07-18 19:21:47'),(116,1,128,'http://lorempixel.com/640/480/',NULL,NULL,'2008-10-19 07:37:11'),(117,2,132,'http://lorempixel.com/640/480/',NULL,NULL,'1981-06-22 02:20:13'),(118,3,133,'http://lorempixel.com/640/480/',NULL,NULL,'2017-04-08 05:07:41'),(119,1,136,'http://lorempixel.com/640/480/',NULL,NULL,'2018-02-22 13:13:45'),(120,2,137,'http://lorempixel.com/640/480/',NULL,NULL,'1978-03-20 06:08:35'),(121,3,138,'http://lorempixel.com/640/480/',NULL,NULL,'1980-07-18 09:38:52'),(122,1,139,'http://lorempixel.com/640/480/',NULL,NULL,'2004-06-25 13:40:41'),(123,2,147,'http://lorempixel.com/640/480/',NULL,NULL,'1972-06-11 04:33:32'),(124,3,152,'http://lorempixel.com/640/480/',NULL,NULL,'2018-03-27 17:27:18'),(125,1,155,'http://lorempixel.com/640/480/',NULL,NULL,'1970-01-07 06:14:03'),(126,2,157,'http://lorempixel.com/640/480/',NULL,NULL,'2010-11-25 23:49:39'),(127,3,161,'http://lorempixel.com/640/480/',NULL,NULL,'1980-02-29 03:47:26'),(128,1,163,'http://lorempixel.com/640/480/',NULL,NULL,'2010-09-14 11:50:42'),(129,2,164,'http://lorempixel.com/640/480/',NULL,NULL,'2010-04-09 12:46:12'),(130,3,165,'http://lorempixel.com/640/480/',NULL,NULL,'1982-04-07 14:23:14'),(131,1,166,'http://lorempixel.com/640/480/',NULL,NULL,'2010-03-25 20:32:58'),(132,2,167,'http://lorempixel.com/640/480/',NULL,NULL,'1980-08-03 10:51:26'),(133,3,169,'http://lorempixel.com/640/480/',NULL,NULL,'1978-07-02 15:27:40'),(134,1,170,'http://lorempixel.com/640/480/',NULL,NULL,'1978-12-13 17:17:26'),(135,2,172,'http://lorempixel.com/640/480/',NULL,NULL,'1997-06-18 16:10:00'),(136,3,175,'http://lorempixel.com/640/480/',NULL,NULL,'1985-01-09 09:01:39'),(137,1,176,'http://lorempixel.com/640/480/',NULL,NULL,'1979-02-07 05:15:13'),(138,2,177,'http://lorempixel.com/640/480/',NULL,NULL,'1981-07-22 04:09:41'),(139,3,179,'http://lorempixel.com/640/480/',NULL,NULL,'2006-12-15 23:23:46'),(140,1,181,'http://lorempixel.com/640/480/',NULL,NULL,'2003-03-05 11:47:45'),(141,2,183,'http://lorempixel.com/640/480/',NULL,NULL,'1976-06-14 16:20:44'),(142,3,184,'http://lorempixel.com/640/480/',NULL,NULL,'2003-07-19 23:12:33'),(143,1,188,'http://lorempixel.com/640/480/',NULL,NULL,'2017-03-19 03:35:21'),(144,2,189,'http://lorempixel.com/640/480/',NULL,NULL,'1990-07-12 12:34:59'),(145,3,190,'http://lorempixel.com/640/480/',NULL,NULL,'2001-03-22 18:07:44'),(146,1,191,'http://lorempixel.com/640/480/',NULL,NULL,'1999-02-15 01:41:57'),(147,2,192,'http://lorempixel.com/640/480/',NULL,NULL,'1972-06-20 16:20:08'),(148,3,194,'http://lorempixel.com/640/480/',NULL,NULL,'2005-09-20 07:57:11'),(149,1,195,'http://lorempixel.com/640/480/',NULL,NULL,'2019-10-31 00:28:42'),(150,2,196,'http://lorempixel.com/640/480/',NULL,NULL,'2003-08-03 21:10:26'),(151,3,200,'http://lorempixel.com/640/480/',NULL,NULL,'1979-05-02 16:10:07'),(152,1,101,'http://lorempixel.com/640/480/',NULL,NULL,'1977-11-25 04:26:13'),(153,2,102,'http://lorempixel.com/640/480/',NULL,NULL,'2020-08-08 12:17:31'),(154,3,103,'http://lorempixel.com/640/480/',NULL,NULL,'2016-09-16 07:54:25'),(155,1,104,'http://lorempixel.com/640/480/',NULL,NULL,'2009-04-21 06:43:51'),(156,2,106,'http://lorempixel.com/640/480/',NULL,NULL,'1985-09-15 16:29:18'),(157,3,110,'http://lorempixel.com/640/480/',NULL,NULL,'1991-09-01 09:10:46'),(158,1,111,'http://lorempixel.com/640/480/',NULL,NULL,'1988-06-26 09:28:29'),(159,2,112,'http://lorempixel.com/640/480/',NULL,NULL,'1984-12-20 19:27:07'),(160,3,116,'http://lorempixel.com/640/480/',NULL,NULL,'1990-09-20 03:19:00'),(161,1,119,'http://lorempixel.com/640/480/',NULL,NULL,'2000-10-14 06:20:14'),(162,2,122,'http://lorempixel.com/640/480/',NULL,NULL,'1982-07-25 11:23:23'),(163,3,123,'http://lorempixel.com/640/480/',NULL,NULL,'2018-08-23 06:31:08'),(164,1,125,'http://lorempixel.com/640/480/',NULL,NULL,'1993-10-25 12:53:13'),(165,2,126,'http://lorempixel.com/640/480/',NULL,NULL,'1980-08-23 19:38:44'),(166,3,127,'http://lorempixel.com/640/480/',NULL,NULL,'1977-02-12 12:16:17'),(167,1,128,'http://lorempixel.com/640/480/',NULL,NULL,'1999-07-31 03:46:59'),(168,2,132,'http://lorempixel.com/640/480/',NULL,NULL,'1987-04-18 00:38:26'),(169,3,133,'http://lorempixel.com/640/480/',NULL,NULL,'2001-06-05 11:04:20'),(170,1,136,'http://lorempixel.com/640/480/',NULL,NULL,'1976-11-17 21:54:18'),(171,2,137,'http://lorempixel.com/640/480/',NULL,NULL,'1981-05-05 06:14:59'),(172,3,138,'http://lorempixel.com/640/480/',NULL,NULL,'2003-06-29 12:54:06'),(173,1,139,'http://lorempixel.com/640/480/',NULL,NULL,'1998-10-07 05:49:26'),(174,2,147,'http://lorempixel.com/640/480/',NULL,NULL,'1990-10-23 17:16:36'),(175,3,152,'http://lorempixel.com/640/480/',NULL,NULL,'1990-09-30 23:27:16'),(176,1,155,'http://lorempixel.com/640/480/',NULL,NULL,'1974-05-13 23:19:10'),(177,2,157,'http://lorempixel.com/640/480/',NULL,NULL,'2012-08-22 07:26:35'),(178,3,161,'http://lorempixel.com/640/480/',NULL,NULL,'2017-03-06 02:27:00'),(179,1,163,'http://lorempixel.com/640/480/',NULL,NULL,'1980-02-21 01:33:06'),(180,2,164,'http://lorempixel.com/640/480/',NULL,NULL,'2010-05-21 08:51:14'),(181,3,165,'http://lorempixel.com/640/480/',NULL,NULL,'1987-10-01 16:06:52'),(182,1,166,'http://lorempixel.com/640/480/',NULL,NULL,'1986-03-09 21:40:16'),(183,2,167,'http://lorempixel.com/640/480/',NULL,NULL,'1970-06-20 06:26:33'),(184,3,169,'http://lorempixel.com/640/480/',NULL,NULL,'2007-02-18 07:49:52'),(185,1,170,'http://lorempixel.com/640/480/',NULL,NULL,'1977-07-09 08:59:46'),(186,2,172,'http://lorempixel.com/640/480/',NULL,NULL,'2016-08-10 00:06:27'),(187,3,175,'http://lorempixel.com/640/480/',NULL,NULL,'1986-06-14 00:17:27'),(188,1,176,'http://lorempixel.com/640/480/',NULL,NULL,'2002-06-15 07:14:48'),(189,2,177,'http://lorempixel.com/640/480/',NULL,NULL,'2009-11-15 08:15:04'),(190,3,179,'http://lorempixel.com/640/480/',NULL,NULL,'1973-04-03 19:35:24'),(191,1,181,'http://lorempixel.com/640/480/',NULL,NULL,'2020-12-23 07:51:34'),(192,2,183,'http://lorempixel.com/640/480/',NULL,NULL,'1974-03-21 01:18:42'),(193,3,184,'http://lorempixel.com/640/480/',NULL,NULL,'2003-11-11 20:54:16'),(194,1,188,'http://lorempixel.com/640/480/',NULL,NULL,'1998-12-13 10:46:18'),(195,2,189,'http://lorempixel.com/640/480/',NULL,NULL,'1982-01-28 18:48:59'),(196,3,190,'http://lorempixel.com/640/480/',NULL,NULL,'2020-05-27 16:12:44'),(197,1,191,'http://lorempixel.com/640/480/',NULL,NULL,'1997-11-21 11:11:48'),(198,2,192,'http://lorempixel.com/640/480/',NULL,NULL,'1978-08-29 02:14:37'),(199,3,194,'http://lorempixel.com/640/480/',NULL,NULL,'1977-05-07 02:00:35'),(200,1,195,'http://lorempixel.com/640/480/',NULL,NULL,'1976-11-09 19:21:15');
/*!40000 ALTER TABLE `media` ENABLE KEYS */;
UNLOCK TABLES;

--
-- Table structure for table `media_type`
--

DROP TABLE IF EXISTS `media_type`;
/*!40101 SET @saved_cs_client     = @@character_set_client */;
/*!40101 SET character_set_client = utf8 */;
CREATE TABLE `media_type` (
  `id` int(10) unsigned NOT NULL AUTO_INCREMENT,
  `name` varchar(45) COLLATE utf8mb4_unicode_ci DEFAULT NULL,
  PRIMARY KEY (`id`)
) ENGINE=InnoDB AUTO_INCREMENT=4 DEFAULT CHARSET=utf8mb4 COLLATE=utf8mb4_unicode_ci;
/*!40101 SET character_set_client = @saved_cs_client */;

--
-- Dumping data for table `media_type`
--

LOCK TABLES `media_type` WRITE;
/*!40000 ALTER TABLE `media_type` DISABLE KEYS */;
INSERT INTO `media_type` VALUES (1,' Audio'),(2,' Video'),(3,'Image');
/*!40000 ALTER TABLE `media_type` ENABLE KEYS */;
UNLOCK TABLES;

--
-- Table structure for table `message`
--

DROP TABLE IF EXISTS `message`;
/*!40101 SET @saved_cs_client     = @@character_set_client */;
/*!40101 SET character_set_client = utf8 */;
CREATE TABLE `message` (
  `id` int(10) unsigned NOT NULL AUTO_INCREMENT,
  `from_user_id` int(10) unsigned NOT NULL,
  `to_user_id` int(10) unsigned NOT NULL,
  `text` text COLLATE utf8mb4_unicode_ci DEFAULT NULL,
  `media_id` int(10) unsigned DEFAULT NULL,
  `created_at` datetime NOT NULL DEFAULT current_timestamp(),
  `read_at` datetime DEFAULT NULL,
  `deleted_at` datetime DEFAULT NULL,
  PRIMARY KEY (`id`),
  KEY `fk_message_user1_idx` (`from_user_id`),
  KEY `fk_message_user2_idx` (`to_user_id`),
  KEY `fk_message_media1_idx` (`media_id`),
  CONSTRAINT `fk_message_media1` FOREIGN KEY (`media_id`) REFERENCES `media` (`id`),
  CONSTRAINT `fk_message_user1` FOREIGN KEY (`from_user_id`) REFERENCES `user` (`id`),
  CONSTRAINT `fk_message_user2` FOREIGN KEY (`to_user_id`) REFERENCES `user` (`id`)
) ENGINE=InnoDB AUTO_INCREMENT=201 DEFAULT CHARSET=utf8mb4 COLLATE=utf8mb4_unicode_ci;
/*!40101 SET character_set_client = @saved_cs_client */;

--
-- Dumping data for table `message`
--

LOCK TABLES `message` WRITE;
/*!40000 ALTER TABLE `message` DISABLE KEYS */;
INSERT INTO `message` VALUES (101,110,179,'Praesentium quis amet unde est aut cum in. Delectus minima exercitationem maiores et repellendus sed sint.',101,'2020-01-19 16:53:37','0000-00-00 00:00:00',NULL),(102,167,139,'Consequatur consequatur atque soluta et. Excepturi vero ullam ut voluptatem similique. A tenetur repellat in in recusandae praesentium.',102,'2004-07-06 18:33:13','1972-03-12 17:23:07',NULL),(103,111,132,'Nam non rerum esse illo in. Ex quo dolorem quo dignissimos rem qui nostrum. Quia maxime sunt veniam magnam. Velit sapiente enim perferendis delectus recusandae magni quis.',103,'1998-04-10 20:54:14','0000-00-00 00:00:00',NULL),(104,194,111,'Accusantium iste vel alias praesentium occaecati aut magni. Eligendi in eveniet sunt totam omnis aliquid doloribus quis. Aut officiis accusantium tenetur natus nihil nulla earum placeat.',104,'1981-02-20 05:29:23','0000-00-00 00:00:00',NULL),(105,122,125,'Ut incidunt explicabo nostrum provident aliquid. Ipsam est omnis quia placeat ut. Neque voluptatem veniam eos dolores.',105,'1985-12-17 20:12:32','1995-11-02 00:39:28',NULL),(106,176,157,'Et a ratione aut expedita harum asperiores dolorem qui. Quia sapiente error voluptas omnis rerum. Facere tempore exercitationem commodi. Voluptas inventore atque et sit libero.',106,'2007-10-05 14:37:45','1991-06-09 23:28:37',NULL),(107,161,157,'Id incidunt reprehenderit sequi est exercitationem aut enim neque. Et id facere aut in. In voluptas facere temporibus.',107,'1998-06-24 01:49:26','1995-09-13 12:01:00',NULL),(108,137,110,'Dolores incidunt est illo autem repellat. Laborum impedit explicabo repellendus unde dolore nam fugiat. Qui officia pariatur beatae commodi. Qui aut sunt ut tempora.',108,'1977-12-25 04:36:32','1971-07-04 07:06:23',NULL),(109,137,152,'Dolor magnam et dolores et et iste. Nemo excepturi aut sed voluptatibus. Id soluta sint aut consectetur.',109,'2004-06-01 19:48:53','2020-06-18 19:57:17',NULL),(110,164,179,'Et voluptatibus numquam aspernatur. Ipsum at rem accusamus est aut. Corporis enim vel quae voluptatem aut quia aspernatur. Id harum fuga eveniet dicta.',110,'2015-12-31 17:35:51','0000-00-00 00:00:00',NULL),(111,167,170,'Est facere aut rerum veritatis et. Qui voluptatibus asperiores veniam ipsam aut ut. Voluptatem quam minima aut explicabo blanditiis.',111,'1995-05-29 14:53:43','0000-00-00 00:00:00',NULL),(112,137,123,'Rerum laudantium omnis autem provident fugit tempora. Aut ex fugit est molestias illum.',112,'1983-10-31 11:04:00','2010-10-17 05:13:03',NULL),(113,167,179,'Esse aut expedita nemo quod hic unde. Enim dolorum aut nesciunt dolorem. Vero adipisci accusantium non quam. Sint illo ut et esse beatae.',113,'2012-01-11 11:31:17','0000-00-00 00:00:00',NULL),(114,147,111,'Deleniti natus unde doloremque accusamus. Ex minus aperiam officiis ad labore. Minus assumenda facere delectus nemo necessitatibus eos. Debitis aut placeat amet ut rerum omnis.',114,'2010-11-07 19:22:36','0000-00-00 00:00:00',NULL),(115,111,163,'Enim et sed consequatur ut et. Est ullam culpa et aut. Aut quia sunt repellat maxime. Corrupti error laboriosam nihil deleniti sed cumque.',115,'1988-08-08 08:21:52','0000-00-00 00:00:00',NULL),(116,192,123,'Veniam non iure est ducimus inventore libero perferendis. Laudantium laboriosam dolores doloribus ut facere est atque. Recusandae odit excepturi eligendi dolorum a similique corporis.',116,'1982-07-17 16:30:13','2009-01-30 21:01:27',NULL),(117,128,161,'Deleniti quis explicabo et iste aut nam asperiores. Id illo alias reiciendis magni at omnis. Vitae dolorem dolores qui eaque qui debitis.',117,'1994-07-14 09:13:46','0000-00-00 00:00:00',NULL),(118,169,139,'Tenetur a ratione alias culpa commodi quia. Modi eligendi quis perspiciatis nisi laudantium. In qui temporibus id et ipsum nobis.',118,'1978-07-30 05:19:26','0000-00-00 00:00:00',NULL),(119,188,164,'Fugit qui et nihil harum veritatis sint praesentium. Tempora aperiam cumque explicabo labore id.\nEt voluptas ut quod. Excepturi est praesentium qui aliquam. Quia ut repellat qui qui quia sed.',119,'1995-04-01 22:52:25','1986-06-14 13:48:35',NULL),(120,164,103,'Tenetur dolorem accusantium id sequi est nesciunt quam quo. Aut harum sed itaque molestias nihil quod qui. Ut fugiat maiores repellat sint illum fugiat nostrum. Doloribus autem quas omnis commodi id.',120,'2003-06-18 19:10:08','2000-04-01 13:29:07',NULL),(121,184,127,'Cupiditate eveniet quo voluptas enim id. Quae vel dolorem recusandae. Et autem consequatur nesciunt.',121,'2002-03-20 23:33:10','0000-00-00 00:00:00',NULL),(122,163,132,'Libero ut natus inventore qui labore nesciunt voluptatum maiores. Aut sequi natus nemo sint. Pariatur ut odio non ducimus.\nEst quidem nam quasi eligendi. Hic eveniet blanditiis expedita illo.',122,'1994-04-16 14:53:39','1981-11-08 16:06:17',NULL),(123,181,194,'Est reprehenderit sed error nobis magnam. Sit alias velit aut nulla. Tempora facilis ipsam totam perspiciatis sit.',123,'1976-05-17 07:07:15','1984-06-12 11:28:37',NULL),(124,147,116,'Aut aut ut et dolorem ullam possimus eligendi. Velit qui enim vel repudiandae aliquam sit natus. Eos nihil consequatur optio nihil voluptas dolore.',124,'2015-12-23 10:41:54','0000-00-00 00:00:00',NULL),(125,138,101,'Sed nam unde laboriosam sint dolores. Velit corrupti accusantium ut commodi quia aut unde.',125,'1996-12-09 12:49:42','0000-00-00 00:00:00',NULL),(126,192,101,'Aut ut velit qui aut a sunt dolores. Illo asperiores quaerat aspernatur aperiam.\nAut veritatis voluptas molestias esse. Aut velit porro quasi doloremque. Perferendis non sunt rerum minima assumenda.',126,'2015-03-01 21:36:49','0000-00-00 00:00:00',NULL),(127,170,128,'Aut est sequi in voluptas ut. Animi aut rerum sint sunt voluptas et mollitia et.',127,'2009-06-17 23:40:11','1970-03-14 19:58:20',NULL),(128,123,127,'Architecto nulla a modi tempora porro. Rerum deserunt earum corporis consequatur voluptatem beatae. Rerum rerum consequatur quidem et enim. Quo libero voluptate quis sed sequi.',128,'1972-11-01 06:25:00','1997-08-20 10:06:49',NULL),(129,104,172,'Expedita aut rem minima reprehenderit ab. Qui qui labore autem aperiam unde sapiente illo doloremque.',129,'1984-03-06 11:49:24','1975-01-25 20:07:54',NULL),(130,138,119,'Earum blanditiis harum quam eaque deserunt. Laborum quo necessitatibus voluptatem id. Quas odio nobis at tempore ipsum.',130,'1988-10-23 11:25:04','1993-12-05 18:35:54',NULL),(131,123,128,'Ipsum in illo voluptas pariatur omnis sit similique. Omnis ab esse voluptas amet incidunt. Quia tenetur magnam cum quis.',131,'1983-05-18 10:31:05','0000-00-00 00:00:00',NULL),(132,138,161,'Expedita aliquid non nihil est aperiam. Est ullam quo est autem beatae ut molestiae consequatur. Quibusdam odit qui delectus vel aliquid ipsa.',132,'1981-01-18 11:49:36','1974-12-13 08:53:28',NULL),(133,188,103,'Tenetur non quidem alias blanditiis recusandae. Quam illo sit assumenda recusandae maiores. Ipsam maiores ipsum aliquid et ea eum.',133,'1978-08-30 13:30:32','0000-00-00 00:00:00',NULL),(134,195,170,'Sit ut et commodi officiis exercitationem enim. Aliquid nulla nam accusamus earum.',134,'1978-06-11 23:50:58','0000-00-00 00:00:00',NULL),(135,166,161,'Ut explicabo in alias et corrupti voluptas. Dolor iusto enim autem sit corporis vel.',135,'2003-01-02 14:36:17','2003-07-05 19:46:22',NULL),(136,176,138,'Quisquam iure eaque illum in voluptates quia. Beatae modi accusamus magnam sed officia accusantium minus non.',136,'2001-04-03 15:21:07','0000-00-00 00:00:00',NULL),(137,183,126,'Ut quis quaerat aperiam dolor. Distinctio quo ut autem eius dolore et. Aliquam qui qui illum eaque dolor laborum. Facere perferendis maxime ducimus officia aut nihil.',137,'1977-05-14 22:10:56','2017-02-21 21:09:47',NULL),(138,177,164,'Ratione animi maxime quod quisquam dolore cumque animi. Consequuntur voluptate est ex optio voluptatum nisi. Ut neque sit amet inventore hic autem. Labore rem aut et minima quidem et voluptatem.',138,'2003-10-02 18:39:07','0000-00-00 00:00:00',NULL),(139,119,119,'Dolore qui suscipit quisquam et. Eligendi laborum qui commodi cumque. Molestias vel quidem exercitationem accusamus natus. Consequuntur facilis maxime iusto omnis rerum aperiam culpa odio.',139,'2014-12-18 22:30:45','1987-08-04 02:14:30',NULL),(140,177,166,'Dolores qui perspiciatis corporis omnis. Consectetur delectus suscipit et accusamus vitae rerum cupiditate. Magnam sed quasi ut deserunt. Aut quasi quia dolores aut asperiores inventore.',140,'1972-03-27 19:26:43','2009-07-13 02:59:15',NULL),(141,122,169,'Cum consectetur aliquid facere provident ullam corrupti et. Fugit eius sed eius illo et ad sit. Hic temporibus consequatur dolor nihil.',141,'1977-07-28 23:10:55','2005-09-08 00:16:13',NULL),(142,166,189,'Omnis aut odit et aliquid incidunt. Consequuntur ea exercitationem inventore vitae soluta. Iusto ut quam pariatur voluptas quas perspiciatis. Sint reiciendis doloremque nihil.',142,'2019-12-07 11:24:23','2018-09-09 19:34:24',NULL),(143,195,188,'Blanditiis doloribus facere ipsum veniam similique iste odio. Quia provident nostrum blanditiis consectetur. Aliquam quia et pariatur harum quod blanditiis.',143,'1987-09-13 04:02:10','1988-12-14 08:07:16',NULL),(144,111,101,'Eum perferendis dolorum est sed. Consequuntur aliquam voluptatibus error pariatur ratione ut sunt. Hic veritatis optio sapiente eveniet molestiae pariatur recusandae.',144,'2017-01-13 00:18:31','0000-00-00 00:00:00',NULL),(145,161,163,'Ipsam laudantium rerum commodi. Quaerat qui culpa velit quibusdam. Sunt adipisci dicta cupiditate odit aut perspiciatis. Perspiciatis iste repellendus vel sint.',145,'1983-01-14 08:38:17','1980-01-02 23:43:42',NULL),(146,119,179,'Sit quia facilis reiciendis officia. Ea suscipit quisquam eaque qui. Ut recusandae molestias dolorem. Voluptas id molestias consequatur quia.',146,'1997-01-05 12:24:30','2015-05-22 22:04:39',NULL),(147,188,166,'Similique sit eum laudantium quo voluptatem ad similique. Qui earum autem exercitationem quae repellat. Tempora sed aspernatur nulla eveniet sit illo.',147,'2009-06-28 15:22:12','1982-05-01 14:18:27',NULL),(148,127,170,'Reiciendis sit fugit occaecati eos quia et repudiandae. Dolorum quae nemo et dolor consectetur enim. Praesentium voluptas officiis voluptatem quos natus.',148,'1973-11-03 01:11:05','0000-00-00 00:00:00',NULL),(149,169,125,'Quos et ipsam impedit soluta. Molestiae quod atque necessitatibus. Odit adipisci et voluptas praesentium et nihil non minima.',149,'1977-10-18 08:40:23','0000-00-00 00:00:00',NULL),(150,132,123,'Voluptatibus voluptas suscipit tempore vero ipsam minus. Mollitia veniam aliquam earum explicabo voluptatem. Consequuntur aperiam delectus est et officiis eligendi ullam odit.',150,'1991-02-09 10:19:26','0000-00-00 00:00:00',NULL),(151,179,103,'Qui sunt eius sed natus. Modi totam sit sequi. Iste rem culpa qui quod distinctio dolorem. Odit qui voluptatem voluptatum est quae.',151,'2009-05-26 23:20:10','0000-00-00 00:00:00',NULL),(152,169,164,'Quam aut aspernatur exercitationem delectus cum a. Provident explicabo similique nisi quasi. Nihil enim quis hic aliquam quod similique nesciunt.',152,'2017-02-05 17:39:27','0000-00-00 00:00:00',NULL),(153,128,137,'Vitae ut saepe at impedit illum. Vel ducimus illo rerum. Quis iste sunt excepturi animi sit.',153,'1975-04-15 18:39:45','0000-00-00 00:00:00',NULL),(154,110,157,'Voluptatem tempore molestiae consequatur. Ut aspernatur in eius et laborum amet. Dolorum sed delectus nisi nemo dolores. Animi sit aut sed occaecati et.',154,'1977-03-22 20:25:38','1991-07-11 00:27:25',NULL),(155,165,188,'Eos velit impedit quos accusamus libero quidem. Aliquid repellat recusandae dolorem qui quia error voluptas delectus. Exercitationem occaecati sunt dolorem error voluptatem voluptatem.',155,'2018-08-16 02:36:53','0000-00-00 00:00:00',NULL),(156,106,181,'Iure officiis corrupti sint dolor assumenda. Dolorum rerum vero excepturi sunt dolores. Placeat corrupti fuga culpa cum porro nemo.',156,'1994-10-08 17:34:32','0000-00-00 00:00:00',NULL),(157,155,175,'Est odio eaque rerum enim fugiat sapiente alias. Sed quibusdam cum quo aut qui est quae. Eum molestias architecto voluptas modi.',157,'2002-01-02 21:09:31','0000-00-00 00:00:00',NULL),(158,169,139,'Rerum sit quod sit voluptas. Dolores pariatur iste commodi et eum aut. Voluptas deleniti corrupti ipsum nihil.',158,'2000-09-22 00:17:19','1976-07-19 08:59:35',NULL),(159,161,179,'Est et quam maxime voluptatem. Doloremque in magni facere.',159,'1974-05-05 23:59:59','0000-00-00 00:00:00',NULL),(160,147,103,'Eius molestiae hic aliquid quos aspernatur aut. Eum ipsum aut et cumque aliquid. Aut facilis deserunt ut suscipit similique.',160,'2006-02-18 15:03:58','0000-00-00 00:00:00',NULL),(161,127,167,'Molestiae qui eos facere sed quia maiores. Quasi vel illum enim expedita dolor itaque consectetur. Hic impedit aut suscipit tempora vero. Nemo ipsam et consectetur eos.',161,'1981-11-27 01:17:13','0000-00-00 00:00:00',NULL),(162,183,111,'Qui modi non cumque libero illo unde. Maxime id aut iure ea eligendi est ut. Quia officiis cupiditate eius cumque non.',162,'2005-02-02 04:33:04','1981-03-09 22:21:51',NULL),(163,122,106,'Officiis aliquid omnis deserunt. Quisquam omnis labore velit et magni. Reiciendis laboriosam sint odio dolores. Sit ex perferendis in dolores nulla dolorem perspiciatis et.',163,'1970-11-08 18:26:03','1996-11-10 10:15:56',NULL),(164,183,189,'Deserunt reiciendis beatae mollitia at reiciendis. Quis numquam consequatur assumenda a. Voluptates veniam tempora rem est. Repellat quia aut eligendi inventore et consectetur facere.',164,'1976-02-18 05:17:48','0000-00-00 00:00:00',NULL),(165,132,111,'Non nemo molestiae pariatur qui tempora et. Perferendis et repellat eum est. Recusandae aliquam aliquid et ea.',165,'1976-10-29 00:58:03','1990-08-24 22:19:47',NULL),(166,104,106,'Repellat perspiciatis possimus rerum minus quia quia. Voluptate at quaerat adipisci pariatur culpa quibusdam nesciunt. Eum iste autem eum omnis. Sequi sunt eum praesentium voluptatem.',166,'1992-09-29 18:39:11','0000-00-00 00:00:00',NULL),(167,116,176,'Sunt ipsum doloremque ipsam iste. Voluptatem omnis cumque quibusdam praesentium. Non ea sint necessitatibus. Eum qui sit quibusdam.',167,'1985-06-30 13:02:42','1989-04-09 05:51:52',NULL),(168,169,155,'Beatae consequuntur temporibus accusantium temporibus. Illo quis est quibusdam. Porro corporis dicta similique itaque iste dignissimos.',168,'1978-04-28 02:08:37','0000-00-00 00:00:00',NULL),(169,110,179,'Quo sed aut porro cum sit consequatur. Asperiores laboriosam aliquid dolor neque.',169,'2011-06-14 10:18:10','2001-08-11 21:43:26',NULL),(170,200,175,'Sit aspernatur sint doloremque enim et dolorum. Ducimus nam distinctio expedita et nesciunt sed. Est laudantium tempore autem culpa nihil. Alias enim provident aut sit nam nobis omnis rerum.',170,'1972-12-04 19:29:25','0000-00-00 00:00:00',NULL),(171,166,106,'Iusto consequatur totam aspernatur occaecati sed commodi dolorum. Aliquid cumque nisi in est corrupti. Laboriosam officiis placeat quia aut nobis mollitia. Quidem porro ut quae unde.',171,'2012-07-24 13:02:09','0000-00-00 00:00:00',NULL),(172,155,104,'Soluta minima earum non et. Sit ut reiciendis architecto labore quasi aliquid. Possimus nihil molestiae expedita quis et eum nihil.',172,'1992-03-31 00:44:53','0000-00-00 00:00:00',NULL),(173,181,110,'Voluptates voluptate ut in ullam et placeat quia eligendi. Ut qui sint est. Et pariatur sunt illum nobis rem necessitatibus officia. Molestias ad hic ea sed consequuntur.',173,'2013-10-01 21:59:06','2003-04-06 11:20:14',NULL),(174,157,128,'Maiores ratione iusto aperiam quod. Sequi necessitatibus in quos nisi voluptatem et. Voluptate eum voluptas earum debitis.',174,'1981-08-21 23:22:56','1979-10-08 08:56:25',NULL),(175,190,194,'Id iusto voluptatem et sed eos. Enim beatae accusamus voluptas voluptatem. Dolor autem id perspiciatis. Totam nihil repellat debitis.',175,'2002-02-25 14:00:27','0000-00-00 00:00:00',NULL),(176,136,116,'Expedita minus ut quae. Aut est rerum ut eveniet laboriosam molestiae nihil. Voluptate et eos et consectetur iste. Blanditiis omnis odit dolorum et aliquam sit suscipit ea.',176,'2008-10-03 10:24:16','0000-00-00 00:00:00',NULL),(177,164,116,'Odit harum possimus blanditiis similique incidunt similique est repudiandae. Dolorem voluptate necessitatibus dolorem veritatis. Et voluptas corrupti iusto labore et impedit qui.',177,'1994-05-05 16:34:41','2012-06-22 21:08:27',NULL),(178,128,179,'Quia vitae saepe maxime doloremque aut et laborum facere. Ut in ut qui non sit. Ut maiores aut quis ducimus perspiciatis veritatis et fuga.',178,'1984-07-09 10:35:40','0000-00-00 00:00:00',NULL),(179,125,106,'Rerum eveniet veniam aut quisquam libero. Aut eius nihil commodi recusandae eos. Modi saepe quo tenetur quam et.',179,'2017-09-13 11:44:15','0000-00-00 00:00:00',NULL),(180,166,165,'Placeat magni in quae fugit sunt cum. Expedita sed consectetur sed doloribus. Odit odit at omnis necessitatibus officia. Qui omnis commodi sequi sed possimus.',180,'2012-01-03 18:50:07','2020-06-01 16:24:49',NULL),(181,122,172,'Aperiam voluptatibus qui est ut minima. Dolor distinctio alias repellat tenetur molestiae aliquam sint. Quo neque ad asperiores sed.',181,'1997-08-22 19:11:56','0000-00-00 00:00:00',NULL),(182,170,137,'Sequi inventore est minus nostrum quia. Est vitae eos eligendi voluptates. Unde aut omnis et occaecati. Fugiat officiis vitae maiores minima adipisci sint.',182,'2002-06-02 09:25:41','1978-11-11 08:22:05',NULL),(183,138,127,'Dolorem consequatur dolores ea quisquam ullam voluptas. Rerum officia mollitia est atque earum. Autem expedita vitae officiis possimus. Molestias ea laudantium blanditiis dolorum dolor nihil.',183,'2013-07-21 03:53:49','2007-07-26 19:13:23',NULL),(184,190,161,'Sit commodi omnis quis. Porro quis omnis sed magni voluptas. Iste hic quia aspernatur aperiam odio natus debitis iure.',184,'2003-11-24 04:13:03','2018-05-26 08:14:05',NULL),(185,102,189,'Voluptatem qui ab laboriosam natus. Quia nostrum voluptatum repellendus perspiciatis repellat et eos. Omnis illo quasi distinctio perspiciatis nostrum. Consequatur quasi nisi fugiat et porro aut.',185,'1997-07-10 23:42:22','0000-00-00 00:00:00',NULL),(186,123,167,'Inventore magnam dicta numquam possimus qui. Facilis exercitationem laboriosam voluptatem qui quis culpa sequi illo. Cupiditate non fugiat facere voluptas repudiandae dignissimos dolorum.',186,'1990-03-24 17:02:20','0000-00-00 00:00:00',NULL),(187,194,175,'Omnis nisi et eum. Ipsam nobis quod aspernatur ad dicta sit officia. Repellendus quis qui aut sint. Saepe iusto omnis dicta reprehenderit magnam similique. Hic quibusdam repellat et qui.',187,'2014-05-24 09:52:48','0000-00-00 00:00:00',NULL),(188,175,176,'Ea eaque facilis ut possimus et facilis. Iure autem minima voluptatem rerum modi molestiae. Eligendi aut asperiores excepturi et.',188,'1979-10-19 18:29:46','2004-07-24 15:12:46',NULL),(189,183,119,'Magni qui totam sed eligendi commodi voluptates. Placeat praesentium voluptas quibusdam aut aut veritatis et. Dolorem doloribus voluptatum nisi non.',189,'2013-12-03 00:53:18','1983-11-26 17:00:34',NULL),(190,102,172,'Animi illo ut nobis voluptatum est ratione autem. Rerum architecto animi vel laborum et. Tempora earum et magnam corporis quisquam qui quaerat.',190,'1981-06-20 10:14:12','0000-00-00 00:00:00',NULL),(191,111,137,'Modi ipsam sequi eveniet qui. Ullam nobis molestiae possimus tenetur nulla. Itaque ipsa reiciendis fuga.',191,'1995-05-30 05:51:03','0000-00-00 00:00:00',NULL),(192,188,172,'Perspiciatis asperiores dolores iure dolorem maxime veniam sed. Autem culpa provident pariatur voluptas. Id quia earum nihil doloribus incidunt suscipit. Vel numquam unde et dolorem vel.',192,'2007-08-27 15:50:24','1977-05-20 08:04:38',NULL),(193,163,111,'Magni accusantium eius excepturi. Necessitatibus autem omnis omnis alias. Et aspernatur ut amet autem.',193,'1977-06-16 21:23:49','0000-00-00 00:00:00',NULL),(194,147,181,'Numquam fugit voluptate laborum consequatur. Reiciendis aut distinctio tempore tempore dolorem fugit officiis. Qui qui quaerat itaque voluptates iure. Laboriosam cumque tenetur culpa eos dolorem cum.',194,'1987-08-30 00:55:50','0000-00-00 00:00:00',NULL),(195,123,103,'Nobis quia consequuntur nobis quis vel vel itaque. Est qui debitis nisi officia culpa iure magni.\nQui molestiae suscipit iste in ut pariatur. Cumque quo maxime neque totam praesentium cum.',195,'1986-01-20 04:29:07','0000-00-00 00:00:00',NULL),(196,136,147,'Accusamus accusamus nihil molestiae dolores quia voluptatum blanditiis. Officiis qui velit dolores excepturi mollitia praesentium. Quia eos delectus ducimus nihil sit quo.',196,'2011-09-11 06:36:50','1997-09-03 03:41:31',NULL),(197,177,101,'A voluptatibus mollitia porro porro aut. Veniam sit blanditiis quo rerum. Vitae accusamus odio vero magni.',197,'1984-03-07 10:45:57','2001-11-11 15:28:29',NULL),(198,184,112,'Voluptas aut sed aut at harum voluptates. Odio unde ducimus nobis. Omnis quisquam reprehenderit libero est.',198,'1990-05-20 11:32:36','1998-06-28 10:32:42',NULL),(199,127,172,'Iste aliquam error consequatur. Omnis nesciunt ipsum et aut. Eligendi enim laborum et ut dolore in asperiores.',199,'1988-11-02 05:40:12','0000-00-00 00:00:00',NULL),(200,170,132,'Aliquam voluptatem fugit eligendi. Iste optio voluptatem numquam temporibus molestiae consequuntur. Omnis quia et delectus architecto quasi vitae.',200,'2001-11-13 23:07:53','0000-00-00 00:00:00',NULL);
/*!40000 ALTER TABLE `message` ENABLE KEYS */;
UNLOCK TABLES;

--
-- Table structure for table `post`
--

DROP TABLE IF EXISTS `post`;
/*!40101 SET @saved_cs_client     = @@character_set_client */;
/*!40101 SET character_set_client = utf8 */;
CREATE TABLE `post` (
  `id` int(10) unsigned NOT NULL AUTO_INCREMENT,
  `user_id` int(10) unsigned NOT NULL,
  `community_id` int(10) unsigned DEFAULT NULL,
  `post_id` int(10) unsigned DEFAULT NULL,
  `text` varchar(245) COLLATE utf8mb4_unicode_ci DEFAULT NULL,
  `media_id` int(10) unsigned DEFAULT NULL,
  `created_at` datetime NOT NULL DEFAULT current_timestamp(),
  `deleted_at` datetime DEFAULT NULL,
  PRIMARY KEY (`id`),
  KEY `fk_post_user1_idx` (`user_id`),
  KEY `fk_post_community1_idx` (`community_id`),
  KEY `fk_post_media1_idx` (`media_id`),
  KEY `fk_post_post1_idx` (`post_id`),
  CONSTRAINT `fk_post_community1` FOREIGN KEY (`community_id`) REFERENCES `community` (`id`),
  CONSTRAINT `fk_post_media1` FOREIGN KEY (`media_id`) REFERENCES `media` (`id`),
  CONSTRAINT `fk_post_post1` FOREIGN KEY (`post_id`) REFERENCES `post` (`id`),
  CONSTRAINT `fk_post_user1` FOREIGN KEY (`user_id`) REFERENCES `user` (`id`)
) ENGINE=InnoDB AUTO_INCREMENT=201 DEFAULT CHARSET=utf8mb4 COLLATE=utf8mb4_unicode_ci;
/*!40101 SET character_set_client = @saved_cs_client */;

--
-- Dumping data for table `post`
--

LOCK TABLES `post` WRITE;
/*!40000 ALTER TABLE `post` DISABLE KEYS */;
INSERT INTO `post` VALUES (101,194,NULL,NULL,'Qui ut beatae consequuntur impedit ea ratione.',NULL,'2017-08-02 03:57:55',NULL),(102,106,NULL,NULL,'Aut molestias exercitationem aut pariatur tempore dolor.',NULL,'2019-04-26 13:52:41',NULL),(103,122,NULL,NULL,'Aut in voluptas odit sed quis autem.',NULL,'1991-08-29 03:42:00',NULL),(104,152,NULL,NULL,'Consequatur est maiores voluptas enim.',NULL,'1972-12-25 21:21:22',NULL),(105,110,NULL,NULL,'Similique velit commodi aliquam mollitia aliquid debitis.',NULL,'1999-09-03 06:43:57',NULL),(106,161,NULL,NULL,'Aliquid deleniti eligendi qui qui voluptatem quas dolores.',NULL,'1985-11-08 00:52:50',NULL),(107,181,NULL,NULL,'Quibusdam repudiandae voluptate vitae cupiditate eveniet.',NULL,'1976-07-21 11:17:10',NULL),(108,126,NULL,NULL,'Animi natus eos consequatur quidem.',NULL,'2016-06-18 12:42:25',NULL),(109,172,NULL,NULL,'Dolores quidem quia delectus quibusdam.',NULL,'2019-07-18 03:10:24',NULL),(110,147,NULL,NULL,'Incidunt distinctio non qui assumenda.',NULL,'1977-10-18 22:49:45',NULL),(111,161,NULL,NULL,'Eum sint repudiandae et temporibus.',NULL,'1970-05-07 17:13:34',NULL),(112,126,NULL,NULL,'Ut sed ex numquam quia ullam.',NULL,'2015-07-14 16:11:42',NULL),(113,163,NULL,NULL,'Quae provident deserunt tenetur odio iste rerum a.',NULL,'1981-03-24 00:38:44',NULL),(114,103,NULL,NULL,'Est ratione quod tenetur aspernatur provident accusantium cupiditate.',NULL,'2004-02-24 00:16:40',NULL),(115,138,NULL,NULL,'Inventore perferendis tempora nesciunt impedit hic.',NULL,'1979-07-29 02:38:41',NULL),(116,119,NULL,NULL,'Ut voluptates consequuntur quam est.',NULL,'1987-10-28 22:25:10',NULL),(117,175,NULL,NULL,'Reiciendis cum eos nulla ab eum sed.',NULL,'1996-05-06 03:44:02',NULL),(118,165,NULL,NULL,'Repudiandae ut quae harum vel perspiciatis sit non.',NULL,'1973-10-07 14:41:23',NULL),(119,196,NULL,NULL,'Ex culpa enim est voluptatem.',NULL,'1971-01-12 06:18:51',NULL),(120,188,NULL,NULL,'Vero vel id quis et.',NULL,'1993-02-23 09:42:35',NULL),(121,101,NULL,NULL,'Velit deleniti tenetur vel quia quidem.',NULL,'1988-10-30 18:22:29',NULL),(122,112,NULL,NULL,'Ea quisquam nisi praesentium explicabo possimus in quae.',NULL,'1987-07-23 06:47:10',NULL),(123,133,NULL,NULL,'Delectus dignissimos omnis reprehenderit harum impedit rerum qui.',NULL,'1994-11-10 07:42:17',NULL),(124,103,NULL,NULL,'Non dolores et occaecati nisi consectetur exercitationem non.',NULL,'2013-08-17 05:38:50',NULL),(125,132,NULL,NULL,'Omnis tempore rem ea ut perferendis et aut qui.',NULL,'2006-09-05 23:15:15',NULL),(126,106,NULL,NULL,'Ad necessitatibus nihil culpa rerum.',NULL,'2003-01-09 16:30:18',NULL),(127,119,NULL,NULL,'Cumque cumque quae et nihil molestiae totam.',NULL,'1991-09-10 15:30:15',NULL),(128,122,NULL,NULL,'Incidunt rerum doloribus impedit mollitia sed.',NULL,'2014-12-24 20:12:56',NULL),(129,184,NULL,NULL,'Sed esse voluptatum dolorem sit maxime nobis.',NULL,'1970-04-28 07:37:22',NULL),(130,139,NULL,NULL,'Explicabo corrupti nesciunt et consequatur doloremque sed enim.',NULL,'2002-07-26 17:23:36',NULL),(131,125,NULL,NULL,'Eius eum expedita non possimus.',NULL,'1978-10-06 03:44:38',NULL),(132,177,NULL,NULL,'Rerum sint perspiciatis quibusdam corrupti eaque commodi deserunt.',NULL,'2006-06-06 01:52:35',NULL),(133,157,NULL,NULL,'Voluptatem rerum tenetur repudiandae dignissimos ut inventore qui.',NULL,'1985-07-02 14:30:34',NULL),(134,147,NULL,NULL,'Eum alias omnis libero.',NULL,'1971-04-10 21:13:04',NULL),(135,122,NULL,NULL,'Possimus dignissimos ullam itaque voluptatibus reiciendis sit.',NULL,'2004-06-15 17:39:19',NULL),(136,166,NULL,NULL,'Itaque nulla omnis qui error iusto.',NULL,'2006-05-22 13:55:30',NULL),(137,196,NULL,NULL,'Quia sequi tempora voluptatem laborum.',NULL,'2018-11-30 07:19:37',NULL),(138,200,NULL,NULL,'Voluptates enim ea animi quam vel.',NULL,'2005-12-09 09:10:12',NULL),(139,190,NULL,NULL,'Qui ea eveniet fuga accusantium tempore veniam.',NULL,'1989-09-27 03:08:44',NULL),(140,169,NULL,NULL,'Et quis nobis mollitia non qui.',NULL,'1988-01-14 19:15:56',NULL),(141,147,NULL,NULL,'Et deserunt fugit repudiandae et nesciunt.',NULL,'2011-12-12 06:13:58',NULL),(142,138,NULL,NULL,'Est vitae suscipit est.',NULL,'2008-07-03 16:24:59',NULL),(143,192,NULL,NULL,'Quae fugiat dignissimos quisquam.',NULL,'2001-10-03 06:49:26',NULL),(144,196,NULL,NULL,'Saepe labore asperiores amet dolores consequatur.',NULL,'1998-09-09 15:21:52',NULL),(145,147,NULL,NULL,'Voluptas voluptatem perspiciatis animi eligendi doloribus.',NULL,'1973-03-29 12:55:55',NULL),(146,132,NULL,NULL,'Eaque natus eos totam explicabo non tempora.',NULL,'1971-05-29 17:35:28',NULL),(147,116,NULL,NULL,'Id sunt quos et eligendi in qui eligendi.',NULL,'1984-12-23 05:08:35',NULL),(148,112,NULL,NULL,'Iusto alias voluptas quibusdam placeat et.',NULL,'2019-12-31 05:26:45',NULL),(149,191,NULL,NULL,'Suscipit molestias incidunt aut ut accusantium ipsum tempore vel.',NULL,'1981-01-17 04:27:55',NULL),(150,111,NULL,NULL,'Repellat necessitatibus vel aut nemo laborum.',NULL,'2009-07-09 15:35:00',NULL),(151,196,NULL,NULL,'Aut ea eligendi cum modi temporibus.',NULL,'1992-07-06 19:50:40',NULL),(152,192,NULL,NULL,'Nam sapiente assumenda quia in consectetur.',NULL,'1984-10-24 10:13:37',NULL),(153,127,NULL,NULL,'Alias dolores tenetur odio quis.',NULL,'1998-04-19 19:13:37',NULL),(154,132,NULL,NULL,'Aut fugiat aliquam aut.',NULL,'1978-07-23 07:46:13',NULL),(155,195,NULL,NULL,'Harum quo animi maiores repellendus a.',NULL,'2017-07-28 03:23:20',NULL),(156,166,NULL,NULL,'Sunt animi ut repudiandae laboriosam consequatur.',NULL,'2009-12-08 19:30:47',NULL),(157,139,NULL,NULL,'Culpa maiores nesciunt iste tempore maxime aut.',NULL,'1972-09-21 22:30:48',NULL),(158,111,NULL,NULL,'Exercitationem fuga adipisci quia.',NULL,'2006-03-04 06:36:16',NULL),(159,184,NULL,NULL,'Ab fuga et impedit est eaque soluta animi.',NULL,'1990-09-21 22:45:04',NULL),(160,123,NULL,NULL,'Recusandae provident enim hic voluptatibus sit harum.',NULL,'1982-11-15 13:03:58',NULL),(161,164,NULL,NULL,'Optio quaerat sed recusandae cum inventore.',NULL,'1970-04-26 08:40:56',NULL),(162,103,NULL,NULL,'Reiciendis mollitia sed architecto magnam similique consequuntur voluptas rerum.',NULL,'2002-10-22 21:11:00',NULL),(163,196,NULL,NULL,'Eum nemo voluptatem voluptas.',NULL,'1978-11-12 23:08:52',NULL),(164,103,NULL,NULL,'Qui consequatur voluptatum cumque dolor dolorem voluptatum consequuntur.',NULL,'1996-01-11 21:08:26',NULL),(165,155,NULL,NULL,'Rerum et excepturi expedita dignissimos.',NULL,'1987-01-09 16:16:58',NULL),(166,116,NULL,NULL,'Aut et sapiente soluta suscipit qui sed accusantium.',NULL,'1992-05-23 05:35:00',NULL),(167,170,NULL,NULL,'Quia voluptatem error est labore dignissimos ratione.',NULL,'1972-06-05 03:54:40',NULL),(168,152,NULL,NULL,'Ipsam temporibus quis nesciunt quisquam ex molestias et.',NULL,'2007-08-12 23:57:57',NULL),(169,116,NULL,NULL,'Molestiae ut vero ratione praesentium ullam eos illum eos.',NULL,'2001-04-25 09:14:50',NULL),(170,161,NULL,NULL,'Laborum assumenda quia impedit sint molestiae fuga voluptates nulla.',NULL,'1999-07-30 16:18:44',NULL),(171,110,NULL,NULL,'Quis incidunt animi earum velit commodi hic dolorem.',NULL,'1987-04-13 07:59:13',NULL),(172,166,NULL,NULL,'Aperiam sapiente animi officia at.',NULL,'1998-05-11 16:18:04',NULL),(173,194,NULL,NULL,'Aspernatur tenetur tempora et ullam ut.',NULL,'2011-06-28 03:07:07',NULL),(174,101,NULL,NULL,'Consequatur consequatur repellendus eius perferendis ut maxime.',NULL,'1973-02-21 20:25:33',NULL),(175,165,NULL,NULL,'Aspernatur nulla reprehenderit sint eum dolor dolores ullam dignissimos.',NULL,'1978-02-14 18:13:41',NULL),(176,136,NULL,NULL,'Non alias voluptatibus qui fuga vitae non.',NULL,'2010-06-29 10:36:05',NULL),(177,132,NULL,NULL,'Ducimus rerum perferendis quo dicta.',NULL,'1998-05-16 12:33:33',NULL),(178,177,NULL,NULL,'Aut eveniet distinctio voluptatem.',NULL,'2005-03-01 20:30:47',NULL),(179,157,NULL,NULL,'Et aspernatur quam error est numquam modi molestiae.',NULL,'1977-09-19 06:53:26',NULL),(180,123,NULL,NULL,'Et aperiam doloribus nulla id.',NULL,'2009-07-24 14:11:46',NULL),(181,189,NULL,NULL,'Natus qui optio esse est nemo.',NULL,'2019-04-14 02:30:22',NULL),(182,155,NULL,NULL,'Quaerat tempore iusto et repudiandae consequatur molestias.',NULL,'2010-12-24 18:02:58',NULL),(183,111,NULL,NULL,'Quam omnis et atque qui facere laborum eveniet illum.',NULL,'2000-06-26 10:20:20',NULL),(184,112,NULL,NULL,'Doloremque soluta vel optio eius ad commodi.',NULL,'1983-05-22 17:37:41',NULL),(185,183,NULL,NULL,'Quos aut sunt quia consectetur quia.',NULL,'1990-12-19 16:44:49',NULL),(186,104,NULL,NULL,'Laboriosam et autem ab aut quisquam.',NULL,'1983-08-24 11:54:49',NULL),(187,179,NULL,NULL,'Omnis sed eos sapiente magnam delectus accusamus.',NULL,'1992-07-03 12:24:38',NULL),(188,122,NULL,NULL,'Unde non tempore cupiditate ut vel.',NULL,'1995-02-11 13:57:23',NULL),(189,122,NULL,NULL,'Consequuntur ut omnis officiis ullam molestiae.',NULL,'2007-08-15 15:05:02',NULL),(190,164,NULL,NULL,'Soluta impedit ut vitae earum.',NULL,'2017-06-30 03:25:19',NULL),(191,147,NULL,NULL,'Ut voluptate nostrum nisi.',NULL,'1990-08-23 09:39:12',NULL),(192,179,NULL,NULL,'Consequatur nihil vel sint quasi voluptatibus fuga.',NULL,'2011-06-15 09:03:35',NULL),(193,166,NULL,NULL,'Maxime odit ipsam officia qui sint delectus alias.',NULL,'1992-10-21 00:50:17',NULL),(194,138,NULL,NULL,'Qui nobis pariatur blanditiis ex ducimus modi voluptatem dignissimos.',NULL,'1981-03-03 14:44:48',NULL),(195,184,NULL,NULL,'Dolores ab sunt ex odit molestiae ea inventore voluptatibus.',NULL,'1987-09-07 08:33:23',NULL),(196,106,NULL,NULL,'Incidunt ut sit inventore.',NULL,'2001-08-06 20:22:39',NULL),(197,164,NULL,NULL,'Asperiores laborum dicta veritatis omnis.',NULL,'1996-02-22 23:53:14',NULL),(198,152,NULL,NULL,'Rerum eligendi recusandae saepe doloribus.',NULL,'2003-09-14 10:25:45',NULL),(199,163,NULL,NULL,'Aspernatur quidem at nostrum vitae eius enim sed.',NULL,'2004-11-27 11:52:16',NULL),(200,177,NULL,NULL,'Nemo repellat quis quos accusamus.',NULL,'2009-03-06 20:09:19',NULL);
/*!40000 ALTER TABLE `post` ENABLE KEYS */;
UNLOCK TABLES;

--
-- Table structure for table `profile`
--

DROP TABLE IF EXISTS `profile`;
/*!40101 SET @saved_cs_client     = @@character_set_client */;
/*!40101 SET character_set_client = utf8 */;
CREATE TABLE `profile` (
  `user_id` int(10) unsigned NOT NULL,
  `firstname` varchar(245) COLLATE utf8mb4_unicode_ci NOT NULL,
  `lastname` varchar(245) COLLATE utf8mb4_unicode_ci NOT NULL,
  `gender` enum('m','f','x') COLLATE utf8mb4_unicode_ci NOT NULL,
  `birthday` date NOT NULL,
  `address` varchar(245) COLLATE utf8mb4_unicode_ci DEFAULT NULL,
  `photo_id` int(10) unsigned DEFAULT NULL,
  PRIMARY KEY (`user_id`),
  KEY `fk_profile_media1_idx` (`photo_id`),
  CONSTRAINT `fk_profile_media1` FOREIGN KEY (`photo_id`) REFERENCES `media` (`id`),
  CONSTRAINT `fk_profile_user` FOREIGN KEY (`user_id`) REFERENCES `user` (`id`)
) ENGINE=InnoDB DEFAULT CHARSET=utf8mb4 COLLATE=utf8mb4_unicode_ci;
/*!40101 SET character_set_client = @saved_cs_client */;

--
-- Dumping data for table `profile`
--

LOCK TABLES `profile` WRITE;
/*!40000 ALTER TABLE `profile` DISABLE KEYS */;
INSERT INTO `profile` VALUES (101,'Kenneth','Fay','m','1995-09-02','15131 Watsica Freeway Suite 862',112),(102,'Andres','Fadel','f','2020-02-18','7004 Blick Parkways Apt. 568',101),(103,'Josefa','Larkin','m','1971-01-19','70002 Mellie Greens Suite 034',195),(104,'Eveline','Strosin','f','1993-10-24','512 McLaughlin Club Suite 346',154),(106,'Christiana','Durgan','f','2000-05-12','6830 Cummerata Roads',159),(110,'Wendy','Frami','f','1990-10-14','173 Walter Expressway Suite 666',196),(111,'Shaina','Emmerich','m','1988-02-10','298 Effertz Manor Suite 272',166),(112,'Nicholaus','Schuppe','m','2015-08-09','243 Runte Gateway',113),(116,'Tyler','Beier','f','2020-10-29','5896 Melvina Mountain',169),(119,'Fae','O\'Connell','m','1993-04-03','835 Mitchell Radial Apt. 733',120),(122,'Corene','Kilback','f','1980-05-17','1719 Vickie Mission Apt. 538',176),(123,'Citlalli','Walker','m','1996-10-17','976 Rogahn Rue Suite 398',111),(125,'Loraine','Daniel','m','2003-07-16','125 Karina Coves Apt. 338',168),(126,'Shanna','Stark','f','1988-12-29','15771 Kassulke Inlet',118),(127,'Cristian','Schowalter','m','1989-04-12','96061 Marks Streets Suite 104',182),(128,'Diamond','Ortiz','m','1990-09-15','96625 Schmeler Roads Suite 747',192),(132,'Napoleon','Swift','m','1987-10-30','768 Schmidt Light Apt. 903',200),(133,'Amiya','Satterfield','f','1974-09-19','030 Jaunita Neck',133),(136,'Destini','Krajcik','m','2019-09-05','3649 Calista Prairie Apt. 940',143),(137,'Thora','Lindgren','m','2004-08-20','50107 Ward Extension',138),(138,'Marielle','Bosco','m','1982-10-24','54285 Von Gardens Suite 205',174),(139,'Lavinia','Stoltenberg','m','2005-09-14','493 Zemlak Grove',136),(147,'Declan','Towne','f','1980-04-27','28627 Jazmyne Heights Apt. 236',128),(152,'Willie','Watsica','m','1992-12-27','34202 Tomasa Via',163),(155,'Lura','Keebler','f','1985-08-17','345 Halvorson Throughway Apt. 893',138),(157,'Foster','Bergstrom','m','1978-05-02','9902 Reid Rue Apt. 610',116),(161,'Destini','Bashirian','f','1984-04-05','9866 Russ Flat',170),(163,'Alexandrine','Torphy','f','1978-02-24','97924 Mayert Shores',127),(164,'Nicole','Koss','f','1978-10-05','5856 Ward Dam',200),(165,'Omer','Hickle','m','1987-11-07','5615 Gustave Cliffs Apt. 172',135),(166,'Ruth','Hermiston','f','1983-04-05','285 Littel Drive Suite 628',191),(167,'Amelia','Marvin','m','2017-01-24','079 Celia Wells Suite 986',112),(169,'Eric','Waelchi','m','2002-01-21','1917 Daniel Estate',135),(170,'Leo','Will','m','2018-06-17','4083 Roob Terrace',185),(172,'Wilford','Auer','f','2005-09-30','80690 Joany Stream Apt. 628',166),(175,'Curt','Volkman','m','1970-05-13','119 Luna Heights',194),(176,'Zelda','Nienow','f','2015-11-07','1131 Robel Gardens Apt. 220',181),(177,'Gina','Kautzer','f','1984-06-18','01501 Flatley Meadow',131),(179,'Fern','Beatty','f','2012-11-05','66429 Osinski Green Apt. 986',107),(181,'Adaline','Jaskolski','m','1996-02-10','39734 Hessel Shoal Apt. 580',149),(183,'Johanna','Orn','m','1991-02-23','9475 Arnulfo Mission',150),(184,'Claire','Prosacco','m','1976-03-12','12179 Cassin Cliff',182),(188,'Sarina','Hermiston','m','2009-07-03','924 Lindgren Motorway',160),(189,'Fabian','Dooley','f','2001-07-05','67081 Mitchell Groves Suite 282',117),(190,'Marshall','Davis','f','2016-09-29','48761 Wiegand Circles',200),(191,'Forrest','Schulist','f','2016-12-25','6144 Wilkinson Landing Suite 548',141),(192,'Aubrey','Towne','f','1989-09-20','125 Asha Mews Apt. 360',109),(194,'Janelle','Tremblay','m','1986-06-18','231 Schoen Forges',200),(195,'Eula','Ebert','f','1972-03-24','4043 Olson Forge Apt. 289',173),(196,'Jennie','Anderson','m','1996-11-10','133 Jamil Drive',151),(200,'Carissa','Rice','f','1999-07-22','380 Lela Island Suite 701',137);
/*!40000 ALTER TABLE `profile` ENABLE KEYS */;
UNLOCK TABLES;

--
-- Table structure for table `user`
--

DROP TABLE IF EXISTS `user`;
/*!40101 SET @saved_cs_client     = @@character_set_client */;
/*!40101 SET character_set_client = utf8 */;
CREATE TABLE `user` (
  `id` int(10) unsigned NOT NULL AUTO_INCREMENT,
  `email` varchar(245) COLLATE utf8mb4_unicode_ci NOT NULL,
  `phone` bigint(20) unsigned NOT NULL,
  `password_hash` char(65) COLLATE utf8mb4_unicode_ci DEFAULT NULL,
  `created_at` datetime NOT NULL DEFAULT current_timestamp(),
  `deleted_at` datetime DEFAULT NULL,
  PRIMARY KEY (`id`),
  UNIQUE KEY `email_UNIQUE` (`email`),
  UNIQUE KEY `phone_UNIQUE` (`phone`)
) ENGINE=InnoDB AUTO_INCREMENT=201 DEFAULT CHARSET=utf8mb4 COLLATE=utf8mb4_unicode_ci;
/*!40101 SET character_set_client = @saved_cs_client */;

--
-- Dumping data for table `user`
--

LOCK TABLES `user` WRITE;
/*!40000 ALTER TABLE `user` DISABLE KEYS */;
INSERT INTO `user` VALUES (101,'helen97@example.net',95355,'538ffd11751a670b7de4cb6aac14d179c55fa7d4','1995-05-21 18:00:44','1987-01-22 19:36:23'),(102,'wzboncak@example.org',243,'0e2f29fc20023c565dbe9e60087d0b25755ce85c','2011-05-26 10:12:35','2011-10-01 15:39:51'),(103,'bartell.merlin@example.net',1,'c9e4addb0faaa3cbc908eff3b25d51187cd0b719','2014-03-02 13:12:32','1987-06-26 17:04:57'),(104,'agustin.stoltenberg@example.net',712,'5c652106ce91ea2dd13647ca0129ca5da42f4352','1996-05-23 15:56:02','1974-02-09 14:46:23'),(106,'stiedemann.keshaun@example.com',520,'cdeb7a4129662285fdd91c5e917d4c12956c17be','1974-01-15 08:49:10','1977-05-09 03:38:30'),(110,'augustine17@example.org',496,'4d4d88f58b53124bd5d70a401126de446c94df6e','1990-08-29 05:56:04','1987-09-10 02:02:13'),(111,'erick.corwin@example.net',772374,'b21c316dc015da031bb742279275e7f0b4af6f0e','2011-03-08 23:20:02','1994-04-11 14:08:32'),(112,'remard@example.net',0,'3de53935767a9d52abc34a3bbac2606a9f62c96e','1981-10-05 10:17:46','1972-04-18 07:38:17'),(116,'adrain07@example.net',8586741218,'ae3c8db73a56ea1369e89b8069d22339aec5c908','1973-07-10 06:46:42','2013-11-14 20:04:01'),(119,'carolyn.crona@example.org',929721,'b8be2d4341ec46e8c315d9c5216b82715f4e2165','2021-04-06 12:55:35','2011-04-25 14:19:24'),(122,'justice.fahey@example.net',513,'67444eb7a89ec847d62be02c80606fbfa9c50d77','2001-05-27 05:37:53','2019-05-29 11:01:45'),(123,'dwight.o\'keefe@example.net',233,'cc8d790af83a3c1dd0bcbd460c4fd75dd7003e33','1999-11-02 09:16:26','1993-08-10 14:40:03'),(125,'lowell26@example.net',891764,'0ef85a8c2749a4b3100b603a24376bc54406d1f8','1977-03-05 03:41:48','1997-08-02 06:19:19'),(126,'nreilly@example.org',401,'c5fc180e8a3c3de3e195588b4edd1118428758c8','2009-10-13 13:33:27','1995-08-02 10:40:19'),(127,'windler.bart@example.org',528,'fa5595257e0670ea86c993f9b406c3b8ef3798b8','2008-07-05 10:02:53','2013-04-18 08:29:56'),(128,'gleuschke@example.net',740767,'ebbc474cb4adcec9e4c5778ca5d6dec4b20c5d41','2015-03-03 08:52:53','1986-11-21 08:05:28'),(132,'kberge@example.org',903,'f15fc73df0539db7f5d0500d60bc750634c7fdfd','1983-01-31 20:46:13','2009-10-04 10:38:55'),(133,'ihackett@example.net',955,'af58f6738c0c776d5a7842af13996639978c63bc','2019-10-01 22:45:24','2014-12-04 16:39:22'),(136,'gwen.renner@example.com',298434,'eba5d734d684911e5d0ba491f376fa731d23167b','1973-01-16 00:50:49','1983-10-22 13:05:41'),(137,'ellen61@example.org',396,'d85cf0120d74a06bb9e3afe273b7b39d1f9ff40f','2014-11-02 18:57:34','1999-05-26 22:59:34'),(138,'dock52@example.org',280709,'6ce66c8c0f9ed37c047e2aef4b54e531c0435fce','1980-02-17 07:34:34','2017-01-23 15:00:54'),(139,'nicola.daniel@example.com',754,'b8a126f457259d06921fe0486f373b78e079c912','1981-08-25 20:54:37','1972-04-14 07:27:10'),(147,'malvina.crooks@example.net',20,'d023089d60b876dd0b924b5fb23072a451798177','2006-02-09 11:51:18','2007-04-30 00:08:46'),(152,'quitzon.enola@example.net',7632120424,'198f60b6a2e8c6a4882acf3556f099fccf89f6f1','2016-01-13 20:37:03','1985-07-12 23:16:14'),(155,'conroy.lonie@example.com',521,'0d56916f2a0080653671a0f5889ce054a748579e','1995-09-09 02:02:53','1982-08-06 11:22:20'),(157,'ykoss@example.com',199072,'362d1b0d2e862933b5a668adbbf63f512fab5d59','1989-10-07 16:10:56','2005-11-08 03:07:11'),(161,'cronin.tiara@example.com',1443976051,'e7fe71a582013a269b54f4e956856cbadd63cbf9','2016-12-16 08:39:33','2018-01-28 14:12:19'),(163,'elna61@example.com',593,'362709127e830e0940c0cbccc70774ba6b073710','2011-07-05 17:59:17','2015-02-03 22:16:30'),(164,'nigel.cole@example.net',403991,'c9764ece69db0339c38d585369459250a0e021a9','2010-06-18 11:12:55','1988-08-20 10:56:00'),(165,'rodolfo.hegmann@example.com',2796029962,'eee09eca434f4b41cc83c3b44636eea946068130','1978-11-26 09:52:43','1997-07-02 07:33:10'),(166,'cthompson@example.net',623939,'091eff804ea9d2933b12dbeb9ace5e6d89769b91','1995-09-02 21:06:09','1997-11-29 10:17:25'),(167,'lorena.armstrong@example.com',511,'a3036c900e00288444f7a520675b9540b426491b','2018-09-01 17:16:29','2003-09-29 23:24:53'),(169,'rdietrich@example.net',546,'dac8656fcd9d7fcca85b20e3970c567d01b3acd1','2011-05-08 09:59:33','1973-12-11 19:39:02'),(170,'lucio27@example.org',940,'d43b9ff39c0e6ae6e659ded3c701a08884c002e3','1984-10-31 18:04:36','1999-02-01 22:34:51'),(172,'donato26@example.org',393,'90b32985531420065b3012a2ebe23ce4200a4735','2001-11-24 05:44:12','1996-01-21 11:57:12'),(175,'athena67@example.org',122893,'c3004ef0e8c260989dabe54f5ecdd26ed4cb2970','1979-02-08 21:03:30','2002-10-04 06:40:47'),(176,'hodkiewicz.urban@example.org',151,'ce2fa62efde86d3eadea070512108b6ad2b4db87','2008-12-17 00:50:35','1992-09-02 08:18:39'),(177,'phamill@example.org',274961,'e823eb1b76ed693374dc9dff180c175aeedc120d','1974-06-16 00:56:30','2000-07-21 10:59:07'),(179,'ofeil@example.org',677115,'2246c234ccef64767dc75a607c1a80efdea4216c','1975-11-14 17:09:08','1986-07-27 03:15:54'),(181,'wbarton@example.net',570,'37205955b35ced088f1e153fe11da4037bba1eeb','1996-07-18 17:22:06','1975-05-14 21:24:50'),(183,'considine.cyrus@example.com',363,'dbaa1e18d11303935a620fd90e70265723556e03','1987-12-16 15:49:03','2007-04-05 16:00:38'),(184,'kkunze@example.com',427,'0a36654af0106cd3799b2263ec8adff81d3e54da','1980-01-22 04:52:00','1993-03-04 15:48:33'),(188,'orn.michelle@example.com',24,'c62083745d2929d7590de71f142394dc03d619b4','2017-06-18 00:37:51','1984-01-16 07:44:41'),(189,'darwin.farrell@example.net',789342,'c65cdac103c53c9fdb1fd0b6cef5a77d3e823b4d','2017-12-23 03:47:43','1973-10-01 03:12:47'),(190,'merlin39@example.com',86757,'4af2fb51987186c8bc8d15235becfa52208d0ea3','2016-09-14 06:15:37','2013-06-24 06:44:53'),(191,'ullrich.johanna@example.com',380,'f71aacb1441e68fe5db4d66dcf81308ceb2827f2','2011-07-23 23:03:31','1984-03-03 07:12:25'),(192,'zgleason@example.net',704742,'291677a6bd30a0183ea8ac3c7212b0cba4013379','1979-09-25 14:03:20','1980-11-29 07:26:39'),(194,'jacky93@example.com',551,'8289a34c4ba030acdc98042af710e50d5a448b5e','2010-01-30 16:27:12','1971-11-14 02:37:13'),(195,'conn.aylin@example.net',43,'b460a5637f90bb2cd3abef3f0ef82e34e700a642','2007-03-15 15:40:48','1977-02-16 23:08:31'),(196,'sstokes@example.org',3095683594,'5a27bcaab09e69a3ff37f8d00a6dae8d9f25f351','1972-09-15 12:12:53','1970-08-18 20:36:27'),(200,'gina93@example.org',861490,'f56bb04415ed2789afb88753760f743ae0b296a0','2015-04-23 03:06:06','2002-08-02 00:01:28');
/*!40000 ALTER TABLE `user` ENABLE KEYS */;
UNLOCK TABLES;

--
-- Table structure for table `user_community`
--

DROP TABLE IF EXISTS `user_community`;
/*!40101 SET @saved_cs_client     = @@character_set_client */;
/*!40101 SET character_set_client = utf8 */;
CREATE TABLE `user_community` (
  `community_id` int(10) unsigned NOT NULL,
  `user_id` int(10) unsigned NOT NULL,
  PRIMARY KEY (`community_id`,`user_id`),
  KEY `fk_user_has_community_community1_idx` (`community_id`),
  KEY `fk_user_has_community_user1_idx` (`user_id`),
  CONSTRAINT `fk_user_has_community_community1` FOREIGN KEY (`community_id`) REFERENCES `community` (`id`),
  CONSTRAINT `fk_user_has_community_user1` FOREIGN KEY (`user_id`) REFERENCES `user` (`id`)
) ENGINE=InnoDB DEFAULT CHARSET=utf8mb4 COLLATE=utf8mb4_unicode_ci;
/*!40101 SET character_set_client = @saved_cs_client */;

--
-- Dumping data for table `user_community`
--

LOCK TABLES `user_community` WRITE;
/*!40000 ALTER TABLE `user_community` DISABLE KEYS */;
INSERT INTO `user_community` VALUES (11,101),(11,103),(11,104),(11,123),(11,126),(11,138),(11,139),(11,170),(11,175),(11,195),(12,127),(12,137),(12,155),(12,166),(12,167),(13,101),(13,110),(13,127),(13,152),(13,183),(13,184),(14,104),(14,111),(14,112),(14,125),(15,104),(15,122),(15,157),(15,194),(15,195),(16,103),(16,106),(16,112),(16,122),(16,125),(16,133),(16,147),(16,165),(16,170),(16,189),(16,191),(16,192),(17,101),(17,116),(17,125),(17,177),(17,181),(17,184),(18,125),(18,137),(18,138),(18,177),(18,188),(18,195),(19,119),(19,132),(19,164),(19,189),(20,112),(20,125),(20,136),(20,139),(20,195),(20,200),(21,132),(21,161),(21,165),(21,166),(22,126),(22,164),(22,167),(23,123),(23,155),(23,179),(23,181),(23,196),(24,102),(24,119),(24,155),(24,163),(24,179),(24,191),(24,194),(25,112),(25,138),(25,139),(25,157),(25,163),(25,184),(25,192),(25,196),(26,106),(26,125),(26,128),(26,136),(26,169),(26,177),(26,181);
/*!40000 ALTER TABLE `user_community` ENABLE KEYS */;
UNLOCK TABLES;
/*!40103 SET TIME_ZONE=@OLD_TIME_ZONE */;

/*!40101 SET SQL_MODE=@OLD_SQL_MODE */;
/*!40014 SET FOREIGN_KEY_CHECKS=@OLD_FOREIGN_KEY_CHECKS */;
/*!40014 SET UNIQUE_CHECKS=@OLD_UNIQUE_CHECKS */;
/*!40101 SET CHARACTER_SET_CLIENT=@OLD_CHARACTER_SET_CLIENT */;
/*!40101 SET CHARACTER_SET_RESULTS=@OLD_CHARACTER_SET_RESULTS */;
/*!40101 SET COLLATION_CONNECTION=@OLD_COLLATION_CONNECTION */;
/*!40111 SET SQL_NOTES=@OLD_SQL_NOTES */;

-- Dump completed on 2021-04-06 23:42:05
